impianto;area;equipment;eis;note
GASCO2;CABINA 11;Batterie accumulatori;*;
GASCO2;CABINA 11;Cabina 11;;
GASCO2;CABINA 11;Cella TV 1;;
GASCO2;CABINA 11;Cella TV 2;;
GASCO2;CABINA 11;Congiuntore Commutazione Automatica 52P;;
GASCO2;CABINA 11;Congiuntore Commutazione Automatica 52R;;
GASCO2;CABINA 11;Ex-locale batterie Cab.11;;
GASCO2;CABINA 11;Int. Partenza motore Compressore Aria 1;;
GASCO2;CABINA 11;Int. Partenza motore Compressore Aria 2;;
GASCO2;CABINA 11;Interruttore arrivo da cab. 4;;
GASCO2;CABINA 11;Interruttore Box TR1;;
GASCO2;CABINA 11;Interruttore GABBIA 12D / Da SS I^;;
GASCO2;CABINA 11;Interruttore GABBIA 16 / Appoggio a 12D;;
GASCO2;CABINA 11;Interruttore GABBIA 18 / Da SS I^;;
GASCO2;CABINA 11;Interruttore GABBIA 6/Da SS I^;;
GASCO2;CABINA 11;Interruttore Partenza motore ZR6 25;;
GASCO2;CABINA 11;Interruttore Partenza motore ZR6 26;;
GASCO2;CABINA 11;Interruttore Partenza motore ZR6 27;;
GASCO2;CABINA 11;Interruttore Partenza TR1;;
GASCO2;CABINA 11;Interruttore Partenza TR2;;
GASCO2;CABINA 11;Interruttore Partenza TRB;;
GASCO2;CABINA 11;Interruttori;;
GASCO2;CABINA 11;TR1 - CAB 11;;
GASCO2;CABINA 11;TR2 - CAB 11;;
GASCO2;CABINA 11;TRASFORMATORI;;
GASCO2;CABINA 11;TRB - CAB 11;;
GASCO2;CABINA 9.3;Batterie accumulatori;*;
GASCO2;CABINA 9.3;Cabina 9.3;;
GASCO2;CABINA 9.3;Cella TV;;
GASCO2;CABINA 9.3;Congiuntore;;
GASCO2;CABINA 9.3;Int. arrivo Preferenziale da cab. 9;;
GASCO2;CABINA 9.3;Int. Partenza motore FP702 normale;;
GASCO2;CABINA 9.3;Int. Partenza motore FP702 preferenziale;;
GASCO2;CABINA 9.3;Interruttore arrivo Normale da cab. 9;;
GASCO2;CABINA 9.3;Interruttore Partenza TR1;;
GASCO2;CABINA 9.3;Interruttore Partenza TR2;;
GASCO2;CABINA 9.3;Interruttore Partenza TR3;;
GASCO2;CABINA 9.3;Interruttore Partenza TR4;;
GASCO2;CABINA 9.3;Interruttore Partenza TR5;;
GASCO2;CABINA 9.3;Interruttore Partenza TR6 ZR29;;
GASCO2;CABINA 9.3;Interruttori;;
GASCO2;CABINA 9.3;TR1 - CAB9.3;;
GASCO2;CABINA 9.3;TR2 - CAB9.3;;
GASCO2;CABINA 9.3;TR3 - CAB9.3;;
GASCO2;CABINA 9.3;TR5 - CAB9.3;;
GASCO2;CABINA 9.3;TR6 - CAB9.3;;
GASCO2;CABINA 9.3;TRASFORMATORI;;
GASCO2;CABINA 9.4;Batterie accumulatori;*;
GASCO2;CABINA 9.4;Cabina 9.4;;
GASCO2;CABINA 9.4;Congiuntore;;
GASCO2;CABINA 9.4;Int. Arrivo Normale da cab. 9;;
GASCO2;CABINA 9.4;Int. arrivo Preferenziale da cab. 9;;
GASCO2;CABINA 9.4;Int. Cella TV;;
GASCO2;CABINA 9.4;Interruttore Box TR1;;
GASCO2;CABINA 9.4;Interruttore Partenza motore FP701;;
GASCO2;CABINA 9.4;Interruttore Partenza motore FP703;;
GASCO2;CABINA 9.4;Interruttore Partenza TR1;;
GASCO2;CABINA 9.4;Interruttore Partenza TR2;;
GASCO2;CABINA 9.4;Interruttori;;
GASCO2;CABINA 9.4;TR1 - CAB9.4;;
GASCO2;CABINA 9.4;TR2 - CAB9.4;;
GASCO2;CABINA 9.4;TRASFORMATORI;;
GASCO2;CABINA OSSIGENO;Cabina Ossigeno;;
GASCO2;CAPANNONE SA11;CAPANNONE SA11;;
GASCO2;CAPANNONE SA4;Capannone SA4;;
GASCO2;CAPANNONE SA4;JB - CAPANNONE SA4;;
GASCO2;DEPOSITO TEMP. RIFIUTI;Deposito Temporaneo Rifiuti;;
GASCO2;DEPOSITO TEMP. RIFIUTI;Piezometri;;
GASCO2;EX IMPIANTO FRAZION. ARIA SA4;Ex impianto di frazionamento aria SA4;;
GASCO2;EX IMPIANTO FRAZION. ARIA SA7;Ex impianto di frazionamento aria SA7;;
GASCO2;EX IMPIANTO GICAS;EX IMPIANTO GICAS;;
GASCO2;EX UFFICI - MAGAZZINO D;Ex Uffici;;Nella planimetria va associata a EX UFFICI MAGAZZINO D
GASCO2;EX UFFICI - MAGAZZINO D;Magazzino D;;
GASCO2;EX UFFICI - MAGAZZINO D;Magazzino D - Chemicals;;Nella planimetria va associata a EX UFFICI MAGAZZINO D
GASCO2;EXTRA GASCO2;Scaricatori di condensa;;
GASCO2;EXTRA GASCO2;Strumentazione di misura;;
GASCO2;EXTRA GASCO2;Tubazioni;;
GASCO2;MTA 66;MTA66 - Gruppo frigo;;
GASCO2;MTA 67;MTA67 - Gruppo frigo;;
GASCO2;P700;P700;;
GASCO2;P701;E238;;
GASCO2;P701;Meccaniche;;
GASCO2;P701;P701 - Compressore Tosi;;
GASCO2;P701;Tubazioni;;
GASCO2;P702;MTA68;;
GASCO2;P702;P702 - Compressore Centac;;
GASCO2;P702;Tubazioni;;
GASCO2;P703;Meccaniche;;
GASCO2;P703;P703 - Compressore Ingersoll Rand;;
GASCO2;P703;Tubazioni;;
GASCO2;RACK SA4 LATO MARE;Antincendio;;
GASCO2;RACK SA4 LATO MARE;FT100;;
GASCO2;RACK SA4 LATO MARE;MEGAFONO SA4;;
GASCO2;RACK SA4 LATO MARE;Pilastri;;
GASCO2;RACK SA4 LATO MARE;Rack SA4 lato mare;;
GASCO2;RACK SA4 LATO MONTE;Pilastri;;
GASCO2;RACK SA4 LATO MONTE;Rack SA4 lato monte;;
GASCO2;RACK SA4 LATO MONTE;Riduzione Azoto Rete HP;;
GASCO2;RACK SA4 LATO MONTE;Riduzione Azoto Rete MP;;
GASCO2;RACK SA7 LATO CT;Pilastri;;
GASCO2;RACK SA7 LATO CT;Rack SA7 lato CT;;
GASCO2;RACK SA7 LATO MARE;E01 - Scambiatore finale SA7;;
GASCO2;RACK SA7 LATO MARE;E02 - Scambiatore finale SA7;;
GASCO2;RACK SA7 LATO MARE;Pilastri;;
GASCO2;RACK SA7 LATO MARE;Rack SA7 lato mare;;
GASCO2;RACK SA7 LATO MONTE;Antincendio;;
GASCO2;RACK SA7 LATO MONTE;MEGAFONO SA7;;
GASCO2;RACK SA7 LATO MONTE;Pilastri;;
GASCO2;RACK SA7 LATO MONTE;Rack SA7 lato monte;;
GASCO2;REPARTO AZOTO;D128C - Serbatoio Azoto Liquido;;
GASCO2;REPARTO AZOTO;D128D - Serbatoio Azoto Liquido;;
GASCO2;REPARTO AZOTO;E303;;
GASCO2;REPARTO AZOTO;PCV-134;;
GASCO2;REPARTO AZOTO;Strumentazione di misura;;
GASCO2;REPARTO AZOTO;Tubazioni;;
GASCO2;REPARTO AZOTO;Tubazioni - stoccaggio azoto;;
GASCO2;REPARTO AZOTO;Valvole;;
GASCO2;SALA COMPRESSORI;Carroponte;;
GASCO2;SALA COMPRESSORI;Sala compressori SA7;;
GASCO2;SALA COMPRESSORI;Sottogrigliato Capannone SA7;;
GASCO2;SALA COMPRESSORI;Tubazioni;;
GASCO2;SALA COMPRESSORI;ZR25 - Compressore Atlas Copco;;
GASCO2;SALA COMPRESSORI;ZR26 - Compressore Atlas Copco;;
GASCO2;SALA COMPRESSORI;ZR27 - Compressore Atlas Copco;;
GASCO2;SALA TECNICA SA11;Autorespiratori;;
GASCO2;SALA TECNICA SA11;DCS & PLCs;*;
GASCO2;SALA TECNICA SA11;SALA TECNICA SA11;;
GASCO2;SALA TECNICA SA11;UPS;;
GASCO2;SALA TECNICA SA4;SALA ANALISI SA4 - Analizzatori;*;Nella planimetria va associata a sala tecnica SA4
GASCO2;SALA TECNICA SA4;SALA TECNICA SA4;;"Aggiungere ""Sala analisi SA4"" ad Area Sala Tecnica SA4"
GASCO2;SALA TECNICA SA4;UPS;;
GASCO2;SALA TECNICA SA7;Autorespiratori;;
GASCO2;SALA TECNICA SA7;SALA TECNICA SA7;;
GASCO2;SALA TECNICA SA7;UPS;;
GASCO2;TORRE SA4;Docce di sicurezza;;
GASCO2;TORRE SA4;E03 - Scamb. acqua mare/acqua industr.;;
GASCO2;TORRE SA4;E04 - Scamb. acqua mare/acqua industr.;;
GASCO2;TORRE SA4;E05 - Scamb. acqua mare/acqua industr.;;
GASCO2;TORRE SA4;Filtri tubazione acqua di raffreddamento;;
GASCO2;TORRE SA4;Filtri tubazione acqua mare;;
GASCO2;TORRE SA4;Illuminazione;;
GASCO2;TORRE SA4;MP1 - Pompe circuito acqua;;
GASCO2;TORRE SA4;MP2 - Pompe circuito acqua;;
GASCO2;TORRE SA4;MP3 - Pompe circuito acqua;;
GASCO2;TORRE SA4;MP4 - Pompe circuito acqua;;
GASCO2;TORRE SA4;MV01 - Ventole di raffreddamento;;
GASCO2;TORRE SA4;MV02 - Ventole di raffreddamento;;
GASCO2;TORRE SA4;MV03 - Ventole di raffreddamento;;
GASCO2;TORRE SA4;MV04 - Ventole di raffreddamento;;
GASCO2;TORRE SA4;Scarico acqua mare;;
GASCO2;TORRE SA4;Skid Chemicals;;
GASCO2;TORRE SA4;Torre di raffreddamento SA4;;
GASCO2;TORRE SA4;Tubazioni;;
GASCO2;TORRE SA4;VASO DI ESPANSIONE;;
GASCO2;TORRE SA7;Docce di sicurezza;;
GASCO2;TORRE SA7;Filtri tubazione acqua di raffreddamento;;
GASCO2;TORRE SA7;MP101 - Pompe circuito acqua;;
GASCO2;TORRE SA7;MP102 - Pompe circuito acqua;;
GASCO2;TORRE SA7;MV101 - Ventole;;
GASCO2;TORRE SA7;MV102 - Ventole;;
GASCO2;TORRE SA7;Skid Chemicals;;
GASCO2;TORRE SA7;Torre di raffreddamento SA7;;
GASCO2;TORRE SA7;Tubazioni;;
GASCO2;TUTTO IL REPARTO SA4;Cartellonistica;;
GASCO2;TUTTO IL REPARTO SA4;CLIMATIZZATORI;;
GASCO2;TUTTO IL REPARTO SA4;CLIMATIZZATORI;;
GASCO2;TUTTO IL REPARTO SA4;Dispositivi antitopi;;
GASCO2;TUTTO IL REPARTO SA4;Elettriche;;
GASCO2;TUTTO IL REPARTO SA4;Estintori;;
GASCO2;TUTTO IL REPARTO SA4;Immobili;;
GASCO2;TUTTO IL REPARTO SA4;Impianto di messa a terra;;
GASCO2;TUTTO IL REPARTO SA4;IMPIANTO LUCE;;
GASCO2;TUTTO IL REPARTO SA4;Impianto Megafoni;;
GASCO2;TUTTO IL REPARTO SA4;Meccaniche;;
GASCO2;TUTTO IL REPARTO SA4;Scaricatori di condensa;;
GASCO2;TUTTO IL REPARTO SA4;Strumentali;;
GASCO2;TUTTO IL REPARTO SA4;Tubazioni;;
GASCO2;TUTTO IL REPARTO SA4;Valvole;;
GASCO2;TUTTO IL REPARTO SA4;Valvole di sicurezza;;
GASCO2;TUTTO IL REPARTO SA7;Cartellonistica;;
GASCO2;TUTTO IL REPARTO SA7;CLIMATIZZATORI;;
GASCO2;TUTTO IL REPARTO SA7;CLIMATIZZATORI;;
GASCO2;TUTTO IL REPARTO SA7;Dispositivi antitopi;;
GASCO2;TUTTO IL REPARTO SA7;Elettriche;;
GASCO2;TUTTO IL REPARTO SA7;Estintori;;
GASCO2;TUTTO IL REPARTO SA7;Immobili;;
GASCO2;TUTTO IL REPARTO SA7;Impianto di messa a terra;;
GASCO2;TUTTO IL REPARTO SA7;IMPIANTO LUCE;;
GASCO2;TUTTO IL REPARTO SA7;Impianto Megafoni;;
GASCO2;TUTTO IL REPARTO SA7;Meccaniche;;
GASCO2;TUTTO IL REPARTO SA7;Scaricatori di condensa;;
GASCO2;TUTTO IL REPARTO SA7;Strumentali;;
GASCO2;TUTTO IL REPARTO SA7;Tubazioni;;
GASCO2;TUTTO IL REPARTO SA7;Valvole;;
GASCO2;TUTTO IL REPARTO SA7;Valvole di sicurezza;;
GASCO2;VASCA DI RACCOLTA D101;Vasca di raccolta D101;;
GASCO2;ZR 28-29;Tubazioni;;
GASCO2;ZR 28-29;ZR28 - Compressore Atlas Copco;;
GASCO2;ZR 28-29;ZR29 - Compressore Atlas Copco;;
SMR;ARIA STRUMENTI;C291 - Compr. N2 di avv. a sez. Refor.;;
SMR;ARIA STRUMENTI;C291M - Mot.Compr. N2 avv. a sez Refor.;;
SMR;ARIA STRUMENTI;C831/1 - Compressore aria strumenti;;
SMR;ARIA STRUMENTI;C831/1M - Motore compress.aria strumenti;;
SMR;ARIA STRUMENTI;C831/2 - Compressore aria strumenti;;
SMR;ARIA STRUMENTI;C831/2M - Motore compress.aria strumenti;;
SMR;ARIA STRUMENTI;F831 - Filtro aria strumenti;;
SMR;ARIA STRUMENTI;FT82003;;
SMR;ARIA STRUMENTI;PDT26110- DP TRA  ASPIRAZIONE E MANDATA;;
SMR;ARIA STRUMENTI;PT26113- PRES. DELL'AZOTO SULLA MANDATA;;
SMR;ARIA STRUMENTI;PT26140- PRES. DI ASPIRAZIONE DEL COMPRE;;
SMR;ARIA STRUMENTI;PT82001 - PRESSIONE DELL'ARIA COMPRESSA;;
SMR;ARIA STRUMENTI;Tubazioni - Aria strumenti;;
SMR;ARIA STRUMENTI;V831 - Buffer aria strumenti;;
SMR;CABINA ANALISI;CABINA ANALISI;;
SMR;CABINA ANALISI;Gascromatografi;;
SMR;CABINA ANALISI;Strumentali;;
SMR;CABINA CEM;CEM;;
SMR;CABINA ELETTRICA;Cabina elettrica;;
SMR;CABINA ELETTRICA;Dispositivi antitopi;;
SMR;CABINA ELETTRICA;Elettriche;;
SMR;CABINA ELETTRICA;Quadri/Interruttori;;
SMR;CABINA ELETTRICA;Quadro Y01;;
SMR;CABINA ELETTRICA;Quadro Y02;;
SMR;CABINA ELETTRICA;Quadro Y02 A;;
SMR;CABINA ELETTRICA;Quadro Y03;;
SMR;CABINA ELETTRICA;Quadro Y04 A/B;;
SMR;CABINA ELETTRICA;Quadro Y05;;
SMR;CABINA ELETTRICA;Quadro Y06/07;;
SMR;CABINA ELETTRICA;Quadro Y08;;
SMR;CABINA ELETTRICA;Quadro Y10;;
SMR;CABINA ELETTRICA;Relä di protezione STR;;
SMR;CABINA ELETTRICA;Sezionatori;;
SMR;CABINA ELETTRICA;TRASFORMATORI;;
SMR;CABINA GAS NATURALE;CABINA GAS NATURALE;;
SMR;CABINA GAS NATURALE;ESD 50100;;
SMR;CABINA GAS NATURALE;ESD 50202;;
SMR;CABINA GAS NATURALE;F 100 A;;
SMR;CABINA GAS NATURALE;F 100 B;;
SMR;CABINA GAS NATURALE;FT 50200;;
SMR;CABINA GAS NATURALE;H 100 A;;
SMR;CABINA GAS NATURALE;H 100 B;;
SMR;CABINA GAS NATURALE;Linea 1;;
SMR;CABINA GAS NATURALE;Linea 2;;
SMR;CABINA GAS NATURALE;PCV 50103 A;;
SMR;CABINA GAS NATURALE;PCV 50103 B;;
SMR;CABINA GAS NATURALE;PT50201;;
SMR;CABINA GAS NATURALE;QUADRI ELETTRICI;;
SMR;CABINA GAS NATURALE;Tubazioni;;
SMR;CABINA GAS NATURALE;Vavole;;
SMR;CABINA STRUMENTI;Batterie accumulatori;*;
SMR;CABINA STRUMENTI;Centralina FGS;;
SMR;CABINA STRUMENTI;DCS;*;
SMR;CABINA STRUMENTI;DCS & SGS;*;
SMR;CABINA STRUMENTI;HIMA;;
SMR;CABINA STRUMENTI;PLC - PSA;;
SMR;CABINA STRUMENTI;PLC -HIMA;;
SMR;CABINA STRUMENTI;Quadro UPS;;
SMR;CABINA STRUMENTI;Rete telefonica e informatica;;
SMR;CABINA STRUMENTI;SALA  TECNICA;;
SMR;CABINA STRUMENTI;SALA UPS;;
SMR;CHEMICALS;G1 - Pompa pneumatica fosfati;;
SMR;CHEMICALS;G2 - Pompa pneumatica ammine;;
SMR;CHEMICALS;G3 - Pompa K251;;
SMR;CHEMICALS;X201-P1 - Pompa Ammine;;
SMR;CHEMICALS;X201-P1M - Motore Pompa Ammine;;
SMR;CHEMICALS;X201-P2 - Pompa Ammine;;
SMR;CHEMICALS;X201-P2M - Motore Pompa Ammine;;
SMR;CHEMICALS;X201-V - Serbatoio ammine;;
SMR;CHEMICALS;X202-P1 - Pompa Fosfati;;
SMR;CHEMICALS;X202-P1M - Motore Pompa Fosfati;;
SMR;CHEMICALS;X202-P2 - Pompa Fosfati;;
SMR;CHEMICALS;X202-P2M - Motore Pompa Fosfati;;
SMR;CHEMICALS;X202-V - Serbatoio fosfati;;
SMR;COMPR. IDROGENO;C641/1 - Compressore H2 di riciclo;;
SMR;COMPR. IDROGENO;C641/1M - Motore elettrico;;
SMR;COMPR. IDROGENO;C641/2 - Compressore H2 di riciclo;;
SMR;COMPR. IDROGENO;C641/2M - Motore elettrico;;
SMR;COMPR. IDROGENO;E641 - Scamb. raffredd. ricircolo compr.;;
SMR;COMPR. IDROGENO;LT64019 - LIVELLO DEL VESSEL V641;;
SMR;COMPR. IDROGENO;PT64016- PRES. DELLA MANDATA DEI COMPRES;;
SMR;COMPR. IDROGENO;PV64017 - H2 DA V871 A C641;;
SMR;COMPR. IDROGENO;Tubazioni - Compr. H2;;
SMR;COMPR. IDROGENO;V641 - Serbatoio ko compr. H2 di riciclo;;
SMR;EXTRA SMR;CENTRALE ASU - IDROGENODOTTO;;Da associare a Extra SMR
SMR;EXTRA SMR;IDROGENODOTTO;;
SMR;EXTRA SMR;IDROGENODOTTO;;
SMR;EXTRA SMR;ISAB SUD - IDROGENODOTTO;;Da associare a Extra SMR
SMR;EXTRA SMR;SALA C. CENTRALE ASU - ARMADIO HIMA;;Da associare a Extra SMR
SMR;EXTRA SMR;SALA C. CENTRALE ASU - PLC - HIMA;;Da associare a Extra SMR
SMR;EXTRA SMR;Tubazioni - Extra SMR;;
SMR;EXTRA SMR;Tubazioni interrate;;
SMR;EXTRA SMR;USV 71981;*;
SMR;EXTRA SMR;USV 71985;*;
SMR;EXTRA SMR;USV 71991;*;
SMR;EXTRA SMR;USV 71993;*;
SMR;EXTRA SMR;Valvole - Extra SMR;;
SMR;FILLING STATION;BOX TRAILER 1;;
SMR;FILLING STATION;BOX TRAILER 2;;
SMR;FILLING STATION;CO 1;;
SMR;FILLING STATION;CO 1-M;;
SMR;FILLING STATION;CO 2;;
SMR;FILLING STATION;CO 2-M;;
SMR;FILLING STATION;FILLING STATION;;
SMR;FILLING STATION;Rilevatore di Fiamma;;
SMR;FILLING STATION;SCARICHI ACQUA MARE;;
SMR;FILLING STATION;Tubazioni;;
SMR;FORNO;Bruciatore N.;;
SMR;FORNO;Cold collector;;
SMR;FORNO;H211 - Reforming tubolare;;
SMR;FORNO;Inlet Collector;*;
SMR;FORNO;Manica a vento;;
SMR;FORNO;Manometri;;
SMR;FORNO;Meccaniche;;
SMR;FORNO;PDT21102- DP TRA IL  GAS DI PROCESSO IN;;
SMR;FORNO;PT21157A - PRESSIONE DEI FUMI H211;*;
SMR;FORNO;PT21157B - PRESSIONE DEI FUMI IN H211;*;
SMR;FORNO;PT21157C - PRESSIONE DEI FUMI IN H211;*;
SMR;FORNO;R211 - Pre-Reformer;;
SMR;FORNO;TT21120A- TEMP. SYNGAS IN INGRESSO A E22;*;
SMR;FORNO;TT21120B- TEMP. SYNGAS IN INGRESSO A E22;*;
SMR;FORNO;TT21120C- TEMP. SYNGAS IN INGRESSO A E22;*;
SMR;FORNO;TT21151A- TEMP. GAS DI PROCESSO IN INGRE;*;
SMR;FORNO;TT21151B- TEMP. DEL GAS DI PROCESSO IN I;*;
SMR;FORNO;TT21151C- TEMP. DEL GAS DI PROCESSO IN I;*;
SMR;FORNO;TT21152A - TEMPERATURA DEI FUMI IN H211;;
SMR;FORNO;TT21152B - TEMPERATURA DEI FUMI IN H211;;
SMR;FORNO;TT21152C - TEMPERATURA DEI FUMI IN H211;;
SMR;FORNO;Tubazioni - Forno;;
SMR;HDS;HDS;;
SMR;HDS;PDT13045 - DP TRA INGRESSO E USCITA R101;;
SMR;HDS;PDT20154 - DP TRA INGRESSO E USCITA R211;;
SMR;HDS;PDT28102- DP TRA  INGRESSO E USCITA  DEL;;
SMR;HDS;PIT13062- PRES. DELLA CARICA USCITA  R10;;
SMR;HDS;R101 - Idrogenatore/Desolforatore;;
SMR;HDS;R102/1 - Assorbitore Cloro/Zolfo;;
SMR;HDS;R102/2 - Assorbitore Cloro/Zolfo;;
SMR;HDS;R221 - Shift HT;;
SMR;HDS;Tubazioni - HDS;;
SMR;LIMITE BATTERIA;PIT13039- PRES. METANO A LIMITE BATTERIA;;
SMR;LIMITE BATTERIA;PIT90120A- PRES. ACQUA DEMI A LIMITE DI;;
SMR;LIMITE BATTERIA;PIT90120B- PRES. ACQUA DEMI A LIMITE DI;;
SMR;LIMITE BATTERIA;PIT90120C- PRES. ACQUA DEMI A LIMITE DI;;
SMR;LIMITE BATTERIA;PIT90121- PRES. ACQUA MARE A LIMITE BATT;;
SMR;LIMITE BATTERIA;PSV90130;;
SMR;LIMITE BATTERIA;PT27032 - PRES. VAPORE A LIMITE BATTERIA;;
SMR;LIMITE BATTERIA;PT76933- PRES. VAPORE ESPORTATO AGLI IMP;;
SMR;LIMITE BATTERIA;PT90110A- PRES. METANO A LIMITE DI BATTE;*;
SMR;LIMITE BATTERIA;PT90110B- PRES. METANO A LIMITE DI BATTE;*;
SMR;LIMITE BATTERIA;PT90110C- PRES. METANO A LIMITE DI BATTE;*;
SMR;LIMITE BATTERIA;PT90112A- PRES. BUTANO A LIMITE DI BATTE;*;
SMR;LIMITE BATTERIA;PT90112B- PRES. BUTANO A LIMITE DI BATTE;*;
SMR;LIMITE BATTERIA;PT90112C- PRES. BUTANO A LIMITE BATTERIA;*;
SMR;LIMITE BATTERIA;TT27031- TEMP. VAPORE A LIMITE DI BATTER;;
SMR;LIMITE BATTERIA;Tubazioni;;
SMR;LIMITE BATTERIA;USV 90110 A;*;
SMR;LIMITE BATTERIA;USV 90110 B;*;
SMR;LIMITE BATTERIA;USV 90110 C;*;
SMR;LIMITE BATTERIA;USV 90112;*;
SMR;MAGAZZINO;CABINA OPERATORI - Autorespiratori;;Da associare a Deposito temporaneo rifiuti SMR
SMR;MAGAZZINO;CLIMATIZZATORI;;Da associare a Deposito temporaneo rifiuti SMR
SMR;MAGAZZINO;DEPOSITO TEMP. RIFIUTI;;
SMR;MAGAZZINO;DEPOSITO TEMP. RIFIUTI - VASCA ACCUMULO REFLUI SERVIZI IGIENICI;;
SMR;MAGAZZINO;Magazzino;;Da associare a Deposito temporaneo rifiuti SMR
SMR;MAGAZZINO;Materiale elettrico uso generale;;Da associare a Deposito temporaneo rifiuti SMR
SMR;MAGAZZINO;Materiale meccanico uso generale;;Da associare a Deposito temporaneo rifiuti SMR
SMR;MAGAZZINO;Materiale strumentale uso generale;;Da associare a Deposito temporaneo rifiuti SMR
SMR;MAGAZZINO;Motore trifase C211;;Da associare a Deposito temporaneo rifiuti SMR
SMR;MAGAZZINO;Motore trifase C212;;Da associare a Deposito temporaneo rifiuti SMR
SMR;MAGAZZINO;Rotore estrattore C212;;Da associare a Deposito temporaneo rifiuti SMR
SMR;MAGAZZINO;Rotore ventilatore C211;;Da associare a Deposito temporaneo rifiuti SMR
SMR;MAGAZZINO;Tubi catalitici da DN125;;Da associare a Deposito temporaneo rifiuti SMR
SMR;METERING STATION;FT 71996;;
SMR;METERING STATION;FT71942 - PORTATA D IDROGENO;;
SMR;METERING STATION;FT71952A- PORTATA D H2 FORNITA  A  ISAB;;
SMR;METERING STATION;FT71952B- PORTATA D H2 FORNITA  A  ISAB;;
SMR;METERING STATION;FT71962- PORTATA DI H2  FORNITA  A LL I;;
SMR;METERING STATION;FT71972A- PORTATA D H2 FORNITA ALLA ESS;;
SMR;METERING STATION;FT71972B- PORTATA D H2 FORNITA ALLA ESS;;
SMR;METERING STATION;FV71942;;
SMR;METERING STATION;METERING STATION;;
SMR;METERING STATION;PT71940 - PRESSIONE DELL'IDROGENO;*;
SMR;METERING STATION;PT71943 - PRESSIONE D IDROGENO;;
SMR;METERING STATION;PT71944 - PRESSIONE D IDROGENO;;
SMR;METERING STATION;PT71950- PRES. DELL ' H2 FORNITO  A  ISA;*;
SMR;METERING STATION;PT71960- PRES. DELL' H2 FORNITO ALL' ISA;*;
SMR;METERING STATION;PT71970 - PRES. D H2 FORNITO ALLA ESSO;*;
SMR;METERING STATION;TT71972- TEMP. DELL' H2 FORNITO  ALLA ES;;
SMR;METERING STATION;Tubazioni - Metering Sation;;
SMR;METERING STATION;USV  71951;*;
SMR;METERING STATION;USV  71961;*;
SMR;METERING STATION;USV 71941;*;
SMR;METERING STATION;USV 71971;*;
SMR;METERING STATION;Valvole - Metering Station;;
SMR;METERING STATION;VALVOLE DI BLOCCO METERING STATION;*;
SMR;MIX POINT;AV27022 - BLOW DOWN;;
SMR;MIX POINT;Docce di sicurezza e lavaocchi;;
SMR;MIX POINT;E201 - Blow Down Cooler;;
SMR;MIX POINT;E221 - Primo generatore di vapore;;
SMR;MIX POINT;E222 - Secondo generatore di vapore;;
SMR;MIX POINT;FT20101D- PORTATA DELLA CARICA USCITA R1;*;
SMR;MIX POINT;FT20101E- PORTATA  DELLA CARICA USCITA R;*;
SMR;MIX POINT;FT20101F- PORTATA  DELLA CARICA USCITA R;*;
SMR;MIX POINT;FV 20102;;
SMR;MIX POINT;Meccaniche;;
SMR;MIX POINT;PT20115A - PRES. GAS DI PROCESSO A E 212;;
SMR;MIX POINT;PT20115B - PRES. GAS DI PROCESSO A E212;;
SMR;MIX POINT;PT20115C - PRES. GAS DI PROCESSO  A E212;;
SMR;MIX POINT;PT21101- PRES. GAS DI PROCESSO IN INGRES;;
SMR;MIX POINT;TE 27002 A;*;
SMR;MIX POINT;TE 27002 B;*;
SMR;MIX POINT;TE 27002 C;*;
SMR;MIX POINT;TV27002;;
SMR;MIX POINT;USV 20103A/B/C;;
SMR;MIX POINT;V203 - Boiler blow down drum;;
SMR;PIANO CALDAIA;FT27006 - PORTATA VAPORE SATURO A E215;;
SMR;PIANO CALDAIA;LT27005A - LIVELLO H2O ALLA CALDAIA V202;*;
SMR;PIANO CALDAIA;LT27005B - LIVELLO H2O ALLA CALDAIA V202;*;
SMR;PIANO CALDAIA;LT27005C - LIVELLO H2O ALLA CALDAIA V202;*;
SMR;PIANO CALDAIA;LT27005D - LIVELLO H2O ALLA CALDAIA V202;*;
SMR;PIANO CALDAIA;PT20107 - PRESSIONE VAPORE USCITA E215;;
SMR;PIANO CALDAIA;PT27009- PRES. VAPORE ALLA CALDAIA  V202;;
SMR;PIANO CALDAIA;PT76934 - PRESSIONE VAPORE V202;;
SMR;PIANO CALDAIA;PT76941 - PRESSIONE VAPORE DA E215;;
SMR;PIANO CALDAIA;PV76941B - VALVOLA VAPORE DA E215 A VENT;;
SMR;PIANO CALDAIA;V202 - Steam drum;;
SMR;PIANO DEGASATORE;FT20109A- PORTATA DI VAPORE DI PROCESSO;;
SMR;PIANO DEGASATORE;FT20109B- PORTATA DI VAPORE DI PROCESSO;;
SMR;PIANO DEGASATORE;FT20109C- PORTATA DI VAPORE DI PROCESSO;;
SMR;PIANO DEGASATORE;FT20112- PORTATA MINIMA DI VAPORE A MIXI;;
SMR;PIANO DEGASATORE;FT20123- PORTATA DI H2  DI EMERGENZA DA;;
SMR;PIANO DEGASATORE;FT27317- PORTATA DI VAPORE A COLONNA K25;;
SMR;PIANO DEGASATORE;FT27402 - PORTATA H2O DEMI AL DEGASATORE;;
SMR;PIANO DEGASATORE;FV 20123;;
SMR;PIANO DEGASATORE;FV20109;;
SMR;PIANO DEGASATORE;LT27402A- TRASMETTITORE DI LIVELLO DEL D;;
SMR;PIANO DEGASATORE;LT27402B- TRASMETTITORE DI LIVELLO DEL D;;
SMR;PIANO DEGASATORE;LT27402C- TRASMETTITORE DI LIVELLO DEL D;;
SMR;PIANO DEGASATORE;PIT20122 - PRES. DI H2 IN EMERGENZA;;
SMR;PIANO DEGASATORE;PIT27315- PRES. DEL VAPORE TESTA COLONNA;;
SMR;PIANO DEGASATORE;PIT27406 - PRESSIONE DEL DEGASATORE V201;;
SMR;PIANO DEGASATORE;PIT81501 - PRESSIONE VAPORE AI SERVIZI;;
SMR;PIANO DEGASATORE;PT20131 - PRES. VAPORE A MIXING-POINT;;
SMR;PIANO DEGASATORE;S769 - Silenziatore;;
SMR;PIANO DEGASATORE;Tubazioni - Piano Degasatore;;
SMR;PIANO DEGASATORE;V103 - Deareatore;;
SMR;PIANO DEGASATORE;V201 - Deareatore;;
SMR;PSA;HV27130;;
SMR;PSA;PDIT60001- DP TRA PRES. DI SYNGAS IN USC;;
SMR;PSA;PIT60108 - PRESSIONE A REATTORE R601;;
SMR;PSA;PIT60208 - PRESSIONE REATTORE R602;;
SMR;PSA;PIT60308 - PRESSIONE REATTORE R603;;
SMR;PSA;PIT60408 - PRESSIONE REATTORE R604;;
SMR;PSA;PIT60508 - PRESSIONE REATTORE R605;;
SMR;PSA;PIT60608 - PRESSIONE REATTORE R606;;
SMR;PSA;PIT60708 - PRESSIONE REATTORE R607;;
SMR;PSA;PIT60808 - PRESSIONE REATTORE R608;;
SMR;PSA;PIT60908 - PRESSIONE REATTORE R609;;
SMR;PSA;PIT61008 - PRESSIONE REATTORE R610;;
SMR;PSA;PSA;;
SMR;PSA;PT27128A - PRESSIONE DI SYNGAS A PSA;*;
SMR;PSA;PT27128B- PRES. DI SYNGAS  DA V221 A FIA;*;
SMR;PSA;PT27128C- PRES. DI SYNGAS  DA V221 A FIA;*;
SMR;PSA;R601 - PSA Adsorber;;
SMR;PSA;R602 - PSA Adsorber;;
SMR;PSA;R603 - PSA Adsorber;;
SMR;PSA;R604 - PSA Adsorber;;
SMR;PSA;R605 - PSA Adsorber;;
SMR;PSA;R606 - PSA Adsorber;;
SMR;PSA;R607 - PSA Adsorber;;
SMR;PSA;R608 - PSA Adsorber;;
SMR;PSA;R609 - PSA Adsorber;;
SMR;PSA;R610 - PSA Adsorber;;
SMR;PSA;S601 - Silenziatore offgas;;
SMR;PSA;TE 27115 A;*;
SMR;PSA;TE 27115 B;*;
SMR;PSA;TE 27115 C;*;
SMR;PSA;Tubazioni - PSA;;
SMR;PSA;VALVOLE - PSA;;
SMR;PSA;XCV60101;;
SMR;PSA;XCV60104;;
SMR;PSA;XCV60201;;
SMR;PSA;XCV60204;;
SMR;PSA;XCV60301;;
SMR;PSA;XCV60304;;
SMR;PSA;XCV60404;;
SMR;PSA;XCV60405;;
SMR;PSA;XCV60504;;
SMR;PSA;XCV60505;;
SMR;PSA;XCV60701;;
SMR;PSA;XCV60704;;
SMR;PSA;XCV60706;;
SMR;PSA;XCV60801;;
SMR;PSA;XCV60804;;
SMR;PSA;XCV60804;;
SMR;PSA;XCV60805;;
SMR;PSA;XCV60904;;
SMR;PSA;XCV61001;;
SMR;PSA;XCV61004;;
SMR;PSA;XV60106;;
SMR;PSA;XV60603;;
SMR;PSA;XV60606;;
SMR;PSA;XV60806;;
SMR;PSA;XV61003;;
SMR;QUOTA 8000;FT60096 - PORTATA DI H2 IN USCITA PSA;;
SMR;QUOTA 8000;PIT60096 - PRES. D H2 IN USCITA PSA;;
SMR;QUOTA 8000;PT27121- PRES. SYNGAS DA V221 ALLA FIACC;;
SMR;RACK CENTRALE;AIT12030A- AN. DI PROPILENE IN  BUTANO I;;
SMR;RACK CENTRALE;AIT12030B- AN. DI PROPANO IN BUTANO  IN;;
SMR;RACK CENTRALE;AIT12030C- AN. DI ISO-BUTANO IN BUTANO I;;
SMR;RACK CENTRALE;AIT12030D - ANALISI;;
SMR;RACK CENTRALE;AIT12030E - ANALISI;;
SMR;RACK CENTRALE;AIT12030F - ANALISI;;
SMR;RACK CENTRALE;AIT12030G - ANALISI H2S IN BUTANO;;
SMR;RACK CENTRALE;AIT12030H;;
SMR;RACK CENTRALE;AIT20117A- MIS. DENSITA DEL GAS DI PROC;;
SMR;RACK CENTRALE;AIT20117B- AN. DI DENSITA GAS DI PROCESS;;
SMR;RACK CENTRALE;AIT27022- MIS. DI CONDUCIBILITA DELL' A;;
SMR;RACK CENTRALE;AIT27023- AN. PH ACQUA DEMI DELLA CALDAI;;
SMR;RACK CENTRALE;AIT27040A- MIS. CONDUCIBILITA DEL VAPOR;;
SMR;RACK CENTRALE;AIT27040B- MIS. CONDUCIBILITA  DEL VAPO;;
SMR;RACK CENTRALE;AIT27119A- AN. DI CH4 NEL SYNGAS IN INGR;;
SMR;RACK CENTRALE;AIT27119B- AN. DI CO IN SYNGAS IN INGRES;;
SMR;RACK CENTRALE;AIT27409 - MISURA DI PH;;
SMR;RACK CENTRALE;AIT60077- AN. DELLA DENSITA DELL' OFF G;;
SMR;RACK CENTRALE;AIT60096A - MIS.  N2 IN H2 IN USCITA PSA;;
SMR;RACK CENTRALE;AIT60096B - MIS. CO IN H2  IN USCITA PSA;;
SMR;RACK CENTRALE;AIT71921A - MIS. CO IN H2 PER ESSO MODEN;;
SMR;RACK CENTRALE;AIT71921B - MISURA CO IN H2  A  ERG MED;;
SMR;RACK CENTRALE;AIT719228 - MISURA CO2 IN H2  A  ERG MED;;
SMR;RACK CENTRALE;AIT71922A- MIS. CO2 IN H2  A  ESSO MODEN;;
SMR;RACK CENTRALE;AIT71972- AN.  DENSITA DELL' H2 DELLA E;;
SMR;RACK CENTRALE;AIT85053- MIS. PH DELL' ACQUA DI SCARICO;;
SMR;RACK CENTRALE;AIT90118- MIS. DELLA CONDUCIBILITA DELL;;
SMR;RACK CENTRALE;Analizzatori;;
SMR;RACK CENTRALE;Cartellonistica;;
SMR;RACK CENTRALE;Tubazioni;;
SMR;RACK LATO MARE;Tubazioni;;
SMR;RACK LATO MONTE;Tubazioni;;
SMR;SALA CONTROLLO;Autorespiratori;;
SMR;SALA CONTROLLO;Illuminazione;;
SMR;SALA CONTROLLO;Telecomunicazioni - Rete;;
SMR;SALA CONTROLLO;Telefoni e ricetrasmittenti;;
SMR;SKID AZOTO;E841 - Scambiatore vaporizzazione;;
SMR;SKID AZOTO;E842 - Scambiatore rimessa in pressione;;
SMR;SKID AZOTO;LIT84022 - LIVELLO BULK DI AZOTO  V861;;
SMR;SKID AZOTO;Magazzino temporaneo;;
SMR;SKID AZOTO;Meccaniche;;
SMR;SKID AZOTO;PIT84021 - PRESSIONE BULK DI AZOTO V861;;
SMR;SKID AZOTO;PIT90115 - PRESSIONE VAPORE A V862;;
SMR;SKID AZOTO;PT84071- PRES. AZOTO DEL GASSIFICATORE V;;
SMR;SKID AZOTO;Tubazioni - Skid Azoto;;
SMR;SKID AZOTO;V861 - Serbatoio Azoto liquido;;
SMR;SKID AZOTO;V862 - Serbatoio vaporizzazione azoto;;
SMR;SKID BUTANO;Docce di sicurezza e lavaocchi;;
SMR;SKID BUTANO;E101 - Vaporizzatore;;
SMR;SKID BUTANO;E192 - Riscald. Azoto di avv. a sez. HDS;;
SMR;SKID BUTANO;E209 - Vaporizzatore butano;;
SMR;SKID BUTANO;E804 - Vaporizzatore condense torcia;;
SMR;SKID BUTANO;Erogatori schiuma;;
SMR;SKID BUTANO;FT12060- PORTATA BUTANO DA POMPE P101-1;;
SMR;SKID BUTANO;FT13005 - PORTATA METANO A E101;;
SMR;SKID BUTANO;FT13010- PORTATA H2 DI RICIRCOLO DA C641;;
SMR;SKID BUTANO;FT19004 - PORTATA DI AZOTO A E192;;
SMR;SKID BUTANO;FT26010 - PORTATA BUTANO FUEL;;
SMR;SKID BUTANO;FV 13010;*;
SMR;SKID BUTANO;FV12060A;;
SMR;SKID BUTANO;FV12060B;;
SMR;SKID BUTANO;LT12010A - LIVELLO BUTANO  V103;*;
SMR;SKID BUTANO;LT12010B - LIVELLO BUTANO  V103;*;
SMR;SKID BUTANO;LT12010C - LIVELLO BUTANO  V103;*;
SMR;SKID BUTANO;LT13027 - LIVELLO CONDENSE  H2O V101;;
SMR;SKID BUTANO;LT26031A- LIVELLO DEL BUTANO LIQUIDO IN;;
SMR;SKID BUTANO;LT26031B- LIVELLO DEL BUTANO LIQUIDO IN;;
SMR;SKID BUTANO;LT26031C- LIVELLO DEL BUTANO LIQUIDO IN;;
SMR;SKID BUTANO;LT80440A- LIVELLO DEL BUTANO CONDENSATO;;
SMR;SKID BUTANO;LT80440B- LIVELLO DEL BUTANO CONDENSATO;;
SMR;SKID BUTANO;LV 12010;*;
SMR;SKID BUTANO;P101/1 - Pompa alimentazione butano;;
SMR;SKID BUTANO;P101/1M - Motore pompa butano;;
SMR;SKID BUTANO;P101/2 - Pompa alimentazione butano;;
SMR;SKID BUTANO;P101/2M - Motore pompa butano;;
SMR;SKID BUTANO;P196/1 - Pompa DMDS;;
SMR;SKID BUTANO;P196/1M - Motore Pompa DMDS;;
SMR;SKID BUTANO;P196/2 - Pompa DMDS;;
SMR;SKID BUTANO;P196/2M - Motore Pompa DMDS;;
SMR;SKID BUTANO;P197 - Pompa DMDS pre-sulfitazione;;
SMR;SKID BUTANO;P197M - Mot. Pompa DMDS pre-sulfitazione;;
SMR;SKID BUTANO;PDT12033- DP TRA AZOTO DI RETE  E IL VES;*;
SMR;SKID BUTANO;PIT12031 - PRESSIONE BUTANO A V103;;
SMR;SKID BUTANO;PIT13008 - PRES. BUTANO O METANO A E101;;
SMR;SKID BUTANO;PIT13018- PRES. H2  DA DI RICIRCOLO A E1;;
SMR;SKID BUTANO;PIT13025 - PRES. VAPORE SATURO A E101;;
SMR;SKID BUTANO;PT12056- PRES. BUTANO DA POMPE P101-1 E;;
SMR;SKID BUTANO;SKID DMDS;;
SMR;SKID BUTANO;Tubazioni - Skid Butano;;
SMR;SKID BUTANO;USV 12033 A;*;
SMR;SKID BUTANO;USV 12033 B;*;
SMR;SKID BUTANO;USV 12033 C;*;
SMR;SKID BUTANO;USV 12040;*;
SMR;SKID BUTANO;UV 13017;*;
SMR;SKID BUTANO;V101 - Raccoglitore condense vaporizzat.;;
SMR;SKID BUTANO;V103 - Serbatoio Butano;;
SMR;SKID BUTANO;V103 - Serbatoio Butano;;
SMR;SKID BUTANO;V196 - Tank DMDS;;
SMR;SKID BUTANO;V197 - DMDS Barrel;;
SMR;SKID BUTANO;V209 - Separatore condense butano;;
SMR;SKID BUTANO;V804 - Separatore torcia liquida;;
SMR;SKID BUTANO;ZT12040- TRASMETTITORE DI POSIZIONE DELL;;
SMR;SKID FUEL;E210 - Pre-riscaldatore natural gas;;
SMR;SKID FUEL;FT 60077B;;
SMR;SKID FUEL;FT26001 - PORTATA SYNGAS AI BRUCIATORI;;
SMR;SKID FUEL;FT26009 - PORTATA BUTANO AI BRUCIATORI;;
SMR;SKID FUEL;FT26032- PORTATA GAS NATURALE AI BRUC.;;
SMR;SKID FUEL;FT60077- PORTATA DI OFFGAS AI BRUCIAT.;;
SMR;SKID FUEL;FV26009A;;
SMR;SKID FUEL;FV60077;;
SMR;SKID FUEL;HV26071;;
SMR;SKID FUEL;PIT26029 - PRES. BUTANO AI BRUCIATORI;;
SMR;SKID FUEL;PIT26076 - PRES. OFF-GAS AI BRUCIATORI;;
SMR;SKID FUEL;PIT60078 - PRES. OFF-GAS AI BRUCIATORI;;
SMR;SKID FUEL;PIT60079 - PRESSIONE OFF-GAS IN TORCIA;;
SMR;SKID FUEL;PT26009A- PRES. GAS NATURALE O BUTANO AI;*;
SMR;SKID FUEL;PT26009B- PRES. GAS NATURALE O BUTANO AI;*;
SMR;SKID FUEL;PT26009C- PRES. GAS NATURALE O BUTANO AI;*;
SMR;SKID FUEL;PT26026A- PRES. GAS NATURALE  O BUTANO;*;
SMR;SKID FUEL;PT26026B- PRES. GAS NATURALE O BUTANO AI;*;
SMR;SKID FUEL;PT26026C- PRES. GAS NATURALE  O BUTANO;*;
SMR;SKID FUEL;PT26036- PRES. GAS NATURALE O BUTANO AI;;
SMR;SKID FUEL;PT26078A - PRES. OFF-GAS AI BRUCIATORI;*;
SMR;SKID FUEL;PT26078B - PRES. OFF-GAS AI BRUCIATORI;*;
SMR;SKID FUEL;PT26078C - PRES. OFF-GAS AI BRUCIATORI;*;
SMR;SKID FUEL;PV60078;;
SMR;SKID FUEL;TT26034A- TEMP. GAS NATURALE AI BRUCIATO;;
SMR;SKID FUEL;TT26034B- TEMP. GAS NATURALE AI BRUCIATO;;
SMR;SKID FUEL;Tubazioni - skid fuel;;
SMR;SKID FUEL;USV 26004 A;*;
SMR;SKID FUEL;USV 26004 C;*;
SMR;SKID FUEL;USV 26024 A;*;
SMR;SKID FUEL;USV 26024 B;*;
SMR;SKID FUEL;USV 26024 C;*;
SMR;SKID FUEL;USV 26071 A;*;
SMR;SKID FUEL;USV 26071 B;*;
SMR;SKID FUEL;USV 26071 C;*;
SMR;SKID H2O MARE;E821/1 - Scambiatore acqua di raffredd.;;
SMR;SKID H2O MARE;E821/2 - Scambiatore acqua di raffredd.;;
SMR;SKID H2O MARE;Filtri e prefiltri acqua mare;;
SMR;SKID H2O MARE;FT80211- PORTATA  DELL' ACQUA DI RAFFRED;;
SMR;SKID H2O MARE;P821/1 - Pompa acqua di raffreddamento;;
SMR;SKID H2O MARE;P821/1M - Motore pompa acqua raffredd.;;
SMR;SKID H2O MARE;P821/2 - Pompa acqua di raffreddamento;;
SMR;SKID H2O MARE;P821/2M - Motore pompa acqua raffredd.;;
SMR;SKID H2O MARE;PT80202 - PRESSIONE DEL VESSEL V821;;
SMR;SKID H2O MARE;PT80212- PRES. DELL'ACQUA DI RAFFREDDAM;;
SMR;SKID H2O MARE;SCARICHI ACQUA MARE;;
SMR;SKID H2O MARE;Tubazioni;;
SMR;SKID H2O MARE;V821 - Vaso di espansione;;
SMR;SKID SCAMBIATORI;E223 - Pre-riscaldatore DMW;;
SMR;SKID SCAMBIATORI;E224 - Pre-riscaldatore DMW;;
SMR;SKID SCAMBIATORI;E226 - Pre-riscaldatore DMW;;
SMR;SKID SCAMBIATORI;E228 - Refrigerante ad aria;;
SMR;SKID SCAMBIATORI;E228/1M - Motore refrigerante ad aria;;
SMR;SKID SCAMBIATORI;E228/2M - Motore refrigerante ad aria;;
SMR;SKID SCAMBIATORI;E229 - Refrigerante ad acqua;;
SMR;SKID SCAMBIATORI;E251 - Scamb.carica effl./cond.di proc.;;
SMR;SKID SCAMBIATORI;FT27323- PORTATA  DELLA MANDATA  POMPE P;;
SMR;SKID SCAMBIATORI;FT27420- PORTATA  DI MANDATA POMPA P201-;;
SMR;SKID SCAMBIATORI;K251 - Stripper condensati di processo;;
SMR;SKID SCAMBIATORI;LT27114- LIVELLO SEPARATORE DI CONDENSE;;
SMR;SKID SCAMBIATORI;LT27118A- LIVELLO SEPARATORE DI CONDENSE;*;
SMR;SKID SCAMBIATORI;LT27118B- LIVELLO SEPARATORE DI CONDENSE;*;
SMR;SKID SCAMBIATORI;LT27118C- LIVELLO SEPARATORE DI CONDENSE;*;
SMR;SKID SCAMBIATORI;LT27310A - LIVELLO DELLA COLONNA K251;;
SMR;SKID SCAMBIATORI;LT27310B - LIVELLO DELLA COLONNA K251;;
SMR;SKID SCAMBIATORI;LT27310C - LIVELLO DELLA COLONNA K251;;
SMR;SKID SCAMBIATORI;LV27118B - LIVELLO V221;;
SMR;SKID SCAMBIATORI;P201/1 - Corpo pompa BFW;;
SMR;SKID SCAMBIATORI;P201/1M - Motore pompa BFW;;
SMR;SKID SCAMBIATORI;P201/2 - Corpo pompa BFW;;
SMR;SKID SCAMBIATORI;P201/2M - Motore pompa BFW;;
SMR;SKID SCAMBIATORI;P201/3 - Corpo pompa BFW;;
SMR;SKID SCAMBIATORI;P251/1 - Pompa del condensato di proc.;;
SMR;SKID SCAMBIATORI;P251/1M - Mot.pompa condens. di proc.;;
SMR;SKID SCAMBIATORI;P251/2 - Pompa del condensato di proc.;;
SMR;SKID SCAMBIATORI;P251/2M - Mot.pompa condens. di proc.;;
SMR;SKID SCAMBIATORI;PIT27413- PRES. DI ASPIRAZIONE DELLA POM;;
SMR;SKID SCAMBIATORI;PIT27419- PRES. DELLA MANDATA POMPA P201;;
SMR;SKID SCAMBIATORI;PIT27423- PRES. DI ASPIRAZIONE DELLA POM;;
SMR;SKID SCAMBIATORI;PT27307- PRES.  DEL PROCESSO CONDENSATO;;
SMR;SKID SCAMBIATORI;SCALA - SKID SCAMBIATORI;;
SMR;SKID SCAMBIATORI;Skid Scambiatori;;
SMR;SKID SCAMBIATORI;TI90181;;
SMR;SKID SCAMBIATORI;Tubazioni - Skid Scambiatori;;
SMR;SKID SCAMBIATORI;TV27106;;
SMR;SKID SCAMBIATORI;TV27205;;
SMR;SKID SCAMBIATORI;V221 - Separatore condensati di processo;;
SMR;SKID SCAMBIATORI;V226 - Separatore condensati syngas;;
SMR;TANK IDROGENO;PT64017 - PRES. DELL H2 DI BACK-UP;;
SMR;TANK IDROGENO;PT83050 - PRES. DELL' IDROGENO A V871;;
SMR;TANK IDROGENO;V871 - Stoccaggio H2;;
SMR;TANK OFFGAS;V601 - Off-gas drum;;
SMR;TUTTO IMPIANTO;Elettriche;;
SMR;TUTTO IMPIANTO;Estintori;;
SMR;TUTTO IMPIANTO;Fire&Gas System;*;
SMR;TUTTO IMPIANTO;Idranti;;
SMR;TUTTO IMPIANTO;Illuminazione;;
SMR;TUTTO IMPIANTO;IMPIANTO ANTINCENDIO;*;
SMR;TUTTO IMPIANTO;Impianto di messa a terra;;
SMR;TUTTO IMPIANTO;Impianto Megafoni;;
SMR;TUTTO IMPIANTO;Manichette antincendio e contenitori;;
SMR;TUTTO IMPIANTO;Meccaniche;;
SMR;TUTTO IMPIANTO;Monitori;;
SMR;TUTTO IMPIANTO;Prese Campione;;
SMR;TUTTO IMPIANTO;Pulsanti A.I.;*;
SMR;TUTTO IMPIANTO;Pulsanti di emergenza;;
SMR;TUTTO IMPIANTO;Quadro sinottico allarmi A.I.;;
SMR;TUTTO IMPIANTO;Recinzione;;
SMR;TUTTO IMPIANTO;Semafori;;
SMR;TUTTO IMPIANTO;Sirene e allarmi acustici;;
SMR;TUTTO IMPIANTO;Strumentali;;
SMR;TUTTO IMPIANTO;Telecamere e sistema vigilanza;;
SMR;TUTTO IMPIANTO;TUTTO L'IMPIANTO;;
SMR;UFFICI SMR;Telecomunicazioni - Rete;;
SMR;UFFICI SMR;UFFICI;;
SMR;UFFICI SMR;VASCA ACCUMULO REFLUI SERVIZI IGIENICI;;
SMR;VASCA V801;FI90101 - Acqua ad IAS;;
SMR;VASCA V801;LT84073- LIVELLO DELL'ACQUA DEL GASSIFI;;
SMR;VASCA V801;LT85055 - LIVELLO DELLA VASCA V801;;
SMR;VASCA V801;LT86003A - LIVELLO DEL  VESSEL  V811;*;
SMR;VASCA V801;LT86003B - LIVELLO DEL  VESSEL  V811;*;
SMR;VASCA V801;P801/1 - Pompa sollevamento acque reflue;;
SMR;VASCA V801;P801/1M - Mot. pompa sollev.H2O reflue;;
SMR;VASCA V801;P801/2 - Pompa sollevamento acque reflue;;
SMR;VASCA V801;P801/2M - Mot. pompa sollev.H2O reflue;;
SMR;VASCA V801;PT85057- PRES. DELLA CO2 IMMESSA NELLA V;;
SMR;VASCA V801;PT86007 - PRESSIONE DEL VESSEL V811;;
SMR;VASCA V801;Tubazioni - Vasca;;
SMR;VASCA V801;V801 - Vasca di raccolta acque reflue;;
SMR;VASCA V801;V811 - Separatore torcia;;
SMR;VASCA V801;X801 - Gruppo iniezione CO2;;
SMR;ZONA CONVETTIVA;AIT21154A - AN. DI O2 FUMI ZONA CONVETTIVA;;
SMR;ZONA CONVETTIVA;AIT21154B- AN. DI O2 FUMI ZONA CONVETTIVA;;
SMR;ZONA CONVETTIVA;E211 - Pre-riscaldatore carica reforming;;
SMR;ZONA CONVETTIVA;E212 - Pre-riscald. carica pre-reforming;;
SMR;ZONA CONVETTIVA;E213 - Riscaldatore aria di combustione;;
SMR;ZONA CONVETTIVA;E214 - Riscaldatore gas alimentazione;;
SMR;ZONA CONVETTIVA;E215 - Surriscaldatore vapore;;
SMR;ZONA CONVETTIVA;E216 - Waste heat boiler coil;;
SMR;ZONA CONVETTIVA;E218 - Riscaldatore aria di combustione;;
SMR;ZONA CONVETTIVA;ZONA CONVETTIVA;;
SMR;ZONA VENTOLE;AIT21170A- CO NEI FUMI;;
SMR;ZONA VENTOLE;AIT21170B - OSSIGENO NEI FUMI;;
SMR;ZONA VENTOLE;AIT21170C -  NO2 NEI FUMI;;
SMR;ZONA VENTOLE;AIT21170D - NO2 NEI FUMI;;
SMR;ZONA VENTOLE;AIT21170E - NOX NEI FUMI;;
SMR;ZONA VENTOLE;AIT21170F - SOX NEI FUMI;;
SMR;ZONA VENTOLE;AIT21172 - POLV ERI NEI FUMI;;
SMR;ZONA VENTOLE;C211 - Soffiante aria;;
SMR;ZONA VENTOLE;C211M - Motore soffiante aria;;
SMR;ZONA VENTOLE;C212 - Estrattore fumi;;
SMR;ZONA VENTOLE;C212M - Motore estrattore fumi;;
SMR;ZONA VENTOLE;FL211 - Camino;;
SMR;ZONA VENTOLE;FT21170 - PORTATA DEI FUMI DEL CAMINO;;
SMR;ZONA VENTOLE;FT21179- PORTATA DELL'ARIA  IN ASPIRAZIO;;
SMR;ZONA VENTOLE;PT21170- PRES. DEI FUMI IN USCITA CAMINO;;
SMR;ZONA VENTOLE;PT21179A - PRES. DELL'ARIA AI BRUCIATORI;*;
SMR;ZONA VENTOLE;PT21179B - PRESSIONE ARIA AI BRUCIATORI;*;
SMR;ZONA VENTOLE;PT21179C - PRESSIONE ARIA AI BRUCIATORI;*;
SMR;ZONA VENTOLE;PV21184;;
SMR;ZONA VENTOLE;TT21170 - TEMP. DEI FUMI NEL CAMINO;;
